id;title;location;date_time;end_time;creator_id
1;Tuna integrated deposit;holistic SAS;2024-03-02T23:11:07;2024-03-03T00:47:30;1
2;deposit Awesome Fresh;array Mouse high-level;2024-03-03T02:13:03;2024-03-02T23:15:52;2
3;Tools;Home;2024-03-02T16:24:24;2024-03-03T04:02:56;3
4;Dollar;Triple-buffered;2024-03-03T08:15:30;2024-03-03T11:21:32;4
5;Indiana Sports Bedfordshire;Frozen maximize Metal;2024-03-02T15:09:54;2024-03-02T18:42:34;5
6;copy robust;Representative;2024-03-03T05:10:56;2024-03-02T15:13:27;6
7;withdrawal withdrawal;Garden;2024-03-03T09:36:12;2024-03-03T10:22:44;7
8;Lats;Bedfordshire deposit;2024-03-03T08:01:09;2024-03-02T13:46:23;8
9;Account Fresh;Bike;2024-03-03T03:11:08;2024-03-03T10:03:18;9
10;PCI Cuban Fresh;Table Kids;2024-03-02T21:21:43;2024-03-02T17:05:29;10
