id;title_1;description_1;title_2;description_2
1;parsing Chicken;PCI RSS;Buckinghamshire and;York Lead
2;Dynamic bypass Handmade;Dinar;reinvent River Wyoming;cyan
3;composite;Plastic Fantastic Incredible;synthesize Bedfordshire Integrated;Infrastructure
4;redundant visionary;e-markets connect copying;Awesome Cambridgeshire;New
5;Frozen;index Washington;Program;Licensed payment Australia
6;paradigms Infrastructure real-time;Administrator Music;Buckinghamshire;Steel Licensed
7;SDD utilize;synergies;payment;implement Infrastructure
8;Concrete;orchestration deliverables transmit;Card approach Kong;JSON bleeding-edge payment
9;Response;one-to-one Unbranded;Industrial generate Bedfordshire;Metal magnetic
10;COM Jewelery;24/7;XML Awesome parsing;networks
