id;name;description;date;occasion
1;Compatible auxiliary;matrix mobile;2024-03-02T23:10:47;FORMAL
2;Profound seize mindshare;indexing;2024-03-03T04:33:37;CASUAL
3;bluetooth multi-byte Rwanda;withdrawal withdrawal;2024-03-02T15:04:43;CASUAL
4;enable infomediaries Health;Small deploy Louisiana;2024-03-03T10:22:04;SPORTS
5;HTTP;auxiliary Horizontal;2024-03-02T14:48:58;FORMAL
6;customized Pakistan;Account;2024-03-03T07:04:47;BUSINESS
7;JSON;Internal Ergonomic;2024-03-02T12:48:21;CASUAL
8;Rustic navigate Connecticut;Sleek firmware quantifying;2024-03-03T02:40:45;FORMAL
9;Account Rhode grid-enabled;Shirt invoice;2024-03-03T09:58:30;FORMAL
10;eco-centric;artificial;2024-03-02T13:14:43;SPORTS
